,Peds,Cycles,Cars,Buses,Trucks,Location
00:00:00Z,0,0,3,0,0,Campus_Dr_&_Presidential_Dr
00:15:00Z,1,0,2,0,0,Campus_Dr_&_Presidential_Dr
00:30:00Z,0,0,2,0,0,Campus_Dr_&_Presidential_Dr
00:45:00Z,0,0,2,0,0,Campus_Dr_&_Presidential_Dr
01:00:00Z,0,0,3,0,0,Campus_Dr_&_Presidential_Dr
01:15:00Z,0,0,2,0,0,Campus_Dr_&_Presidential_Dr
01:30:00Z,0,0,1,0,0,Campus_Dr_&_Presidential_Dr
01:45:00Z,0,0,2,0,0,Campus_Dr_&_Presidential_Dr
02:00:00Z,0,0,2,0,0,Campus_Dr_&_Presidential_Dr
02:15:00Z,0,0,2,0,0,Campus_Dr_&_Presidential_Dr
02:30:00Z,0,0,1,0,0,Campus_Dr_&_Presidential_Dr
02:45:00Z,0,0,1,0,0,Campus_Dr_&_Presidential_Dr
03:00:00Z,0,0,0,0,0,Campus_Dr_&_Presidential_Dr
03:15:00Z,0,0,1,0,0,Campus_Dr_&_Presidential_Dr
03:30:00Z,0,0,1,0,0,Campus_Dr_&_Presidential_Dr
03:45:00Z,0,0,0,0,0,Campus_Dr_&_Presidential_Dr
04:00:00Z,0,0,0,0,0,Campus_Dr_&_Presidential_Dr
04:15:00Z,0,0,1,0,0,Campus_Dr_&_Presidential_Dr
04:30:00Z,0,0,0,0,0,Campus_Dr_&_Presidential_Dr
04:45:00Z,0,0,0,0,0,Campus_Dr_&_Presidential_Dr
05:00:00Z,0,0,0,0,0,Campus_Dr_&_Presidential_Dr
05:15:00Z,0,0,0,0,0,Campus_Dr_&_Presidential_Dr
05:30:00Z,0,0,1,0,0,Campus_Dr_&_Presidential_Dr
05:45:00Z,1,0,0,0,0,Campus_Dr_&_Presidential_Dr
06:00:00Z,2,0,1,0,0,Campus_Dr_&_Presidential_Dr
06:15:00Z,4,0,1,0,1,Campus_Dr_&_Presidential_Dr
06:30:00Z,2,0,1,0,0,Campus_Dr_&_Presidential_Dr
06:45:00Z,1,0,1,0,0,Campus_Dr_&_Presidential_Dr
07:00:00Z,0,0,0,0,0,Campus_Dr_&_Presidential_Dr
07:15:00Z,0,0,0,0,0,Campus_Dr_&_Presidential_Dr
07:30:00Z,0,0,0,0,0,Campus_Dr_&_Presidential_Dr
07:45:00Z,0,0,0,0,0,Campus_Dr_&_Presidential_Dr
08:00:00Z,0,0,0,0,0,Campus_Dr_&_Presidential_Dr
08:15:00Z,0,0,0,0,0,Campus_Dr_&_Presidential_Dr
08:30:00Z,0,0,0,0,0,Campus_Dr_&_Presidential_Dr
08:45:00Z,0,0,0,0,0,Campus_Dr_&_Presidential_Dr
09:00:00Z,0,0,0,0,0,Campus_Dr_&_Presidential_Dr
09:15:00Z,0,0,0,0,0,Campus_Dr_&_Presidential_Dr
09:30:00Z,0,0,0,0,0,Campus_Dr_&_Presidential_Dr
09:45:00Z,0,0,0,0,0,Campus_Dr_&_Presidential_Dr
10:00:00Z,0,0,0,0,0,Campus_Dr_&_Presidential_Dr
10:15:00Z,0,0,1,0,0,Campus_Dr_&_Presidential_Dr
10:30:00Z,0,0,1,0,0,Campus_Dr_&_Presidential_Dr
10:45:00Z,1,0,2,0,0,Campus_Dr_&_Presidential_Dr
11:00:00Z,0,0,6,0,0,Campus_Dr_&_Presidential_Dr
11:15:00Z,1,0,31,1,1,Campus_Dr_&_Presidential_Dr
11:30:00Z,2,0,57,3,3,Campus_Dr_&_Presidential_Dr
11:45:00Z,5,1,83,4,4,Campus_Dr_&_Presidential_Dr
12:00:00Z,5,1,82,4,4,Campus_Dr_&_Presidential_Dr
12:15:00Z,4,1,89,3,4,Campus_Dr_&_Presidential_Dr
12:30:00Z,7,1,114,3,4,Campus_Dr_&_Presidential_Dr
12:45:00Z,11,3,141,3,6,Campus_Dr_&_Presidential_Dr
13:00:00Z,8,1,150,2,5,Campus_Dr_&_Presidential_Dr
13:15:00Z,8,1,147,3,5,Campus_Dr_&_Presidential_Dr
13:30:00Z,11,1,162,2,5,Campus_Dr_&_Presidential_Dr
13:45:00Z,15,3,172,3,7,Campus_Dr_&_Presidential_Dr
14:00:00Z,22,6,178,1,7,Campus_Dr_&_Presidential_Dr
14:15:00Z,35,8,175,3,7,Campus_Dr_&_Presidential_Dr
14:30:00Z,45,8,176,2,7,Campus_Dr_&_Presidential_Dr
14:45:00Z,49,9,174,3,9,Campus_Dr_&_Presidential_Dr
15:00:00Z,24,4,144,2,9,Campus_Dr_&_Presidential_Dr
15:15:00Z,23,4,133,2,7,Campus_Dr_&_Presidential_Dr
15:30:00Z,22,4,147,2,9,Campus_Dr_&_Presidential_Dr
15:45:00Z,28,3,164,2,9,Campus_Dr_&_Presidential_Dr
16:00:00Z,27,4,153,2,9,Campus_Dr_&_Presidential_Dr
16:15:00Z,17,2,133,2,7,Campus_Dr_&_Presidential_Dr
16:30:00Z,14,6,134,1,7,Campus_Dr_&_Presidential_Dr
16:45:00Z,11,2,132,2,7,Campus_Dr_&_Presidential_Dr
17:00:00Z,13,4,142,1,8,Campus_Dr_&_Presidential_Dr
17:15:00Z,15,4,130,3,10,Campus_Dr_&_Presidential_Dr
17:30:00Z,13,5,142,2,8,Campus_Dr_&_Presidential_Dr
17:45:00Z,12,3,126,2,8,Campus_Dr_&_Presidential_Dr
18:00:00Z,13,2,124,2,7,Campus_Dr_&_Presidential_Dr
18:15:00Z,11,3,104,2,6,Campus_Dr_&_Presidential_Dr
18:30:00Z,19,3,137,1,8,Campus_Dr_&_Presidential_Dr
18:45:00Z,15,3,141,2,12,Campus_Dr_&_Presidential_Dr
19:00:00Z,17,3,158,3,10,Campus_Dr_&_Presidential_Dr
19:15:00Z,23,5,132,2,8,Campus_Dr_&_Presidential_Dr
19:30:00Z,19,6,128,2,9,Campus_Dr_&_Presidential_Dr
19:45:00Z,12,3,118,2,5,Campus_Dr_&_Presidential_Dr
20:00:00Z,11,3,134,2,6,Campus_Dr_&_Presidential_Dr
20:15:00Z,13,3,134,3,5,Campus_Dr_&_Presidential_Dr
20:30:00Z,16,1,126,2,3,Campus_Dr_&_Presidential_Dr
20:45:00Z,14,4,124,2,4,Campus_Dr_&_Presidential_Dr
21:00:00Z,11,1,128,2,3,Campus_Dr_&_Presidential_Dr
21:15:00Z,9,3,129,3,3,Campus_Dr_&_Presidential_Dr
21:30:00Z,11,3,137,3,3,Campus_Dr_&_Presidential_Dr
21:45:00Z,11,3,162,2,5,Campus_Dr_&_Presidential_Dr
22:00:00Z,8,3,178,1,5,Campus_Dr_&_Presidential_Dr
22:15:00Z,6,1,108,1,2,Campus_Dr_&_Presidential_Dr
22:30:00Z,1,0,13,0,0,Campus_Dr_&_Presidential_Dr
22:45:00Z,0,0,3,0,0,Campus_Dr_&_Presidential_Dr
23:00:00Z,0,0,4,0,0,Campus_Dr_&_Presidential_Dr
23:15:00Z,1,0,5,0,0,Campus_Dr_&_Presidential_Dr
23:30:00Z,0,0,3,0,0,Campus_Dr_&_Presidential_Dr
23:45:00Z,0,0,5,0,0,Campus_Dr_&_Presidential_Dr
00:00:00Z,4,0,196,5,3,Campus_Dr_At_Paint_Branch_Dr
00:15:00Z,4,0,178,3,3,Campus_Dr_At_Paint_Branch_Dr
00:30:00Z,4,0,156,4,3,Campus_Dr_At_Paint_Branch_Dr
00:45:00Z,3,0,156,3,1,Campus_Dr_At_Paint_Branch_Dr
01:00:00Z,4,0,150,4,1,Campus_Dr_At_Paint_Branch_Dr
01:15:00Z,3,0,140,3,2,Campus_Dr_At_Paint_Branch_Dr
01:30:00Z,5,0,134,3,1,Campus_Dr_At_Paint_Branch_Dr
01:45:00Z,4,0,131,2,2,Campus_Dr_At_Paint_Branch_Dr
02:00:00Z,1,0,150,5,2,Campus_Dr_At_Paint_Branch_Dr
02:15:00Z,4,0,135,3,3,Campus_Dr_At_Paint_Branch_Dr
02:30:00Z,3,0,121,3,2,Campus_Dr_At_Paint_Branch_Dr
02:45:00Z,3,0,111,3,1,Campus_Dr_At_Paint_Branch_Dr
03:00:00Z,3,0,111,4,2,Campus_Dr_At_Paint_Branch_Dr
03:15:00Z,3,0,97,3,2,Campus_Dr_At_Paint_Branch_Dr
03:30:00Z,2,0,93,3,1,Campus_Dr_At_Paint_Branch_Dr
03:45:00Z,1,0,80,3,1,Campus_Dr_At_Paint_Branch_Dr
04:00:00Z,3,0,70,2,1,Campus_Dr_At_Paint_Branch_Dr
04:15:00Z,2,0,60,2,1,Campus_Dr_At_Paint_Branch_Dr
04:30:00Z,2,0,61,2,1,Campus_Dr_At_Paint_Branch_Dr
04:45:00Z,2,0,49,1,1,Campus_Dr_At_Paint_Branch_Dr
05:00:00Z,2,0,55,2,1,Campus_Dr_At_Paint_Branch_Dr
05:15:00Z,1,0,50,2,1,Campus_Dr_At_Paint_Branch_Dr
05:30:00Z,2,0,47,1,1,Campus_Dr_At_Paint_Branch_Dr
05:45:00Z,1,0,37,2,1,Campus_Dr_At_Paint_Branch_Dr
06:00:00Z,1,0,36,1,1,Campus_Dr_At_Paint_Branch_Dr
06:15:00Z,1,0,33,1,0,Campus_Dr_At_Paint_Branch_Dr
06:30:00Z,1,0,31,1,1,Campus_Dr_At_Paint_Branch_Dr
06:45:00Z,2,0,25,0,1,Campus_Dr_At_Paint_Branch_Dr
07:00:00Z,1,0,20,0,0,Campus_Dr_At_Paint_Branch_Dr
07:15:00Z,0,0,19,1,0,Campus_Dr_At_Paint_Branch_Dr
07:30:00Z,1,0,21,1,0,Campus_Dr_At_Paint_Branch_Dr
07:45:00Z,1,0,20,0,1,Campus_Dr_At_Paint_Branch_Dr
08:00:00Z,0,0,12,0,0,Campus_Dr_At_Paint_Branch_Dr
08:15:00Z,0,0,12,0,1,Campus_Dr_At_Paint_Branch_Dr
08:30:00Z,0,0,18,0,1,Campus_Dr_At_Paint_Branch_Dr
08:45:00Z,0,0,21,0,0,Campus_Dr_At_Paint_Branch_Dr
09:00:00Z,0,0,17,0,0,Campus_Dr_At_Paint_Branch_Dr
09:15:00Z,0,0,15,1,1,Campus_Dr_At_Paint_Branch_Dr
09:30:00Z,0,0,25,1,1,Campus_Dr_At_Paint_Branch_Dr
09:45:00Z,0,0,37,1,1,Campus_Dr_At_Paint_Branch_Dr
10:00:00Z,1,0,33,2,1,Campus_Dr_At_Paint_Branch_Dr
10:15:00Z,1,0,37,2,1,Campus_Dr_At_Paint_Branch_Dr
10:30:00Z,5,0,52,3,2,Campus_Dr_At_Paint_Branch_Dr
10:45:00Z,2,0,79,2,2,Campus_Dr_At_Paint_Branch_Dr
11:00:00Z,2,0,84,5,5,Campus_Dr_At_Paint_Branch_Dr
11:15:00Z,10,1,123,7,8,Campus_Dr_At_Paint_Branch_Dr
11:30:00Z,15,1,172,14,14,Campus_Dr_At_Paint_Branch_Dr
11:45:00Z,26,2,216,12,16,Campus_Dr_At_Paint_Branch_Dr
12:00:00Z,16,1,213,13,17,Campus_Dr_At_Paint_Branch_Dr
12:15:00Z,16,0,260,15,17,Campus_Dr_At_Paint_Branch_Dr
12:30:00Z,19,1,311,16,21,Campus_Dr_At_Paint_Branch_Dr
12:45:00Z,39,6,366,16,23,Campus_Dr_At_Paint_Branch_Dr
13:00:00Z,31,2,325,19,20,Campus_Dr_At_Paint_Branch_Dr
13:15:00Z,39,4,308,17,19,Campus_Dr_At_Paint_Branch_Dr
13:30:00Z,39,3,321,18,20,Campus_Dr_At_Paint_Branch_Dr
13:45:00Z,61,9,359,17,27,Campus_Dr_At_Paint_Branch_Dr
14:00:00Z,45,3,309,20,22,Campus_Dr_At_Paint_Branch_Dr
14:15:00Z,51,5,262,16,22,Campus_Dr_At_Paint_Branch_Dr
14:30:00Z,44,6,292,20,25,Campus_Dr_At_Paint_Branch_Dr
14:45:00Z,113,19,277,20,27,Campus_Dr_At_Paint_Branch_Dr
15:00:00Z,46,5,238,15,23,Campus_Dr_At_Paint_Branch_Dr
15:15:00Z,32,6,202,14,18,Campus_Dr_At_Paint_Branch_Dr
15:30:00Z,47,9,215,14,18,Campus_Dr_At_Paint_Branch_Dr
15:45:00Z,128,24,238,15,24,Campus_Dr_At_Paint_Branch_Dr
16:00:00Z,75,9,253,14,21,Campus_Dr_At_Paint_Branch_Dr
16:15:00Z,68,8,201,11,18,Campus_Dr_At_Paint_Branch_Dr
16:30:00Z,44,4,229,13,15,Campus_Dr_At_Paint_Branch_Dr
16:45:00Z,102,19,249,11,20,Campus_Dr_At_Paint_Branch_Dr
17:00:00Z,53,7,253,14,19,Campus_Dr_At_Paint_Branch_Dr
17:15:00Z,62,8,235,11,18,Campus_Dr_At_Paint_Branch_Dr
17:30:00Z,47,5,272,14,19,Campus_Dr_At_Paint_Branch_Dr
17:45:00Z,108,22,283,11,19,Campus_Dr_At_Paint_Branch_Dr
18:00:00Z,49,6,265,15,20,Campus_Dr_At_Paint_Branch_Dr
18:15:00Z,41,4,224,11,14,Campus_Dr_At_Paint_Branch_Dr
18:30:00Z,59,9,269,13,18,Campus_Dr_At_Paint_Branch_Dr
18:45:00Z,120,23,304,13,20,Campus_Dr_At_Paint_Branch_Dr
19:00:00Z,71,14,320,13,22,Campus_Dr_At_Paint_Branch_Dr
19:15:00Z,88,22,299,13,17,Campus_Dr_At_Paint_Branch_Dr
19:30:00Z,52,13,324,13,19,Campus_Dr_At_Paint_Branch_Dr
19:45:00Z,70,19,330,14,19,Campus_Dr_At_Paint_Branch_Dr
20:00:00Z,46,8,361,13,17,Campus_Dr_At_Paint_Branch_Dr
20:15:00Z,42,8,334,14,18,Campus_Dr_At_Paint_Branch_Dr
20:30:00Z,38,7,365,15,17,Campus_Dr_At_Paint_Branch_Dr
20:45:00Z,54,12,335,14,15,Campus_Dr_At_Paint_Branch_Dr
21:00:00Z,30,4,369,16,13,Campus_Dr_At_Paint_Branch_Dr
21:15:00Z,44,6,370,15,12,Campus_Dr_At_Paint_Branch_Dr
21:30:00Z,59,9,426,18,15,Campus_Dr_At_Paint_Branch_Dr
21:45:00Z,81,13,424,16,16,Campus_Dr_At_Paint_Branch_Dr
22:00:00Z,65,10,442,17,12,Campus_Dr_At_Paint_Branch_Dr
22:15:00Z,39,3,423,14,11,Campus_Dr_At_Paint_Branch_Dr
22:30:00Z,13,0,351,9,7,Campus_Dr_At_Paint_Branch_Dr
22:45:00Z,7,0,324,7,5,Campus_Dr_At_Paint_Branch_Dr
23:00:00Z,6,0,315,8,7,Campus_Dr_At_Paint_Branch_Dr
23:15:00Z,10,0,301,8,5,Campus_Dr_At_Paint_Branch_Dr
23:30:00Z,5,0,264,7,4,Campus_Dr_At_Paint_Branch_Dr
23:45:00Z,5,0,264,7,4,Campus_Dr_At_Paint_Branch_Dr
00:00:00Z,2,0,100,1,2,Paint_Branch_Dr_At_Campus_Dr
00:15:00Z,2,0,83,2,1,Paint_Branch_Dr_At_Campus_Dr
00:30:00Z,1,0,70,2,1,Paint_Branch_Dr_At_Campus_Dr
00:45:00Z,0,0,63,1,0,Paint_Branch_Dr_At_Campus_Dr
01:00:00Z,1,0,60,1,0,Paint_Branch_Dr_At_Campus_Dr
01:15:00Z,1,0,55,1,1,Paint_Branch_Dr_At_Campus_Dr
01:30:00Z,1,0,51,1,0,Paint_Branch_Dr_At_Campus_Dr
01:45:00Z,1,0,50,1,1,Paint_Branch_Dr_At_Campus_Dr
02:00:00Z,0,0,61,1,1,Paint_Branch_Dr_At_Campus_Dr
02:15:00Z,1,0,62,1,1,Paint_Branch_Dr_At_Campus_Dr
02:30:00Z,1,0,48,0,1,Paint_Branch_Dr_At_Campus_Dr
02:45:00Z,1,1,39,1,1,Paint_Branch_Dr_At_Campus_Dr
03:00:00Z,1,1,34,1,1,Paint_Branch_Dr_At_Campus_Dr
03:15:00Z,1,0,27,0,0,Paint_Branch_Dr_At_Campus_Dr
03:30:00Z,0,0,26,0,0,Paint_Branch_Dr_At_Campus_Dr
03:45:00Z,0,0,25,0,1,Paint_Branch_Dr_At_Campus_Dr
04:00:00Z,0,0,23,0,0,Paint_Branch_Dr_At_Campus_Dr
04:15:00Z,0,1,18,1,0,Paint_Branch_Dr_At_Campus_Dr
04:30:00Z,1,0,16,0,0,Paint_Branch_Dr_At_Campus_Dr
04:45:00Z,0,2,13,1,0,Paint_Branch_Dr_At_Campus_Dr
05:00:00Z,0,0,16,0,0,Paint_Branch_Dr_At_Campus_Dr
05:15:00Z,0,0,15,0,0,Paint_Branch_Dr_At_Campus_Dr
05:30:00Z,0,0,12,0,0,Paint_Branch_Dr_At_Campus_Dr
05:45:00Z,0,0,10,0,0,Paint_Branch_Dr_At_Campus_Dr
06:00:00Z,0,0,9,0,0,Paint_Branch_Dr_At_Campus_Dr
06:15:00Z,0,0,9,0,0,Paint_Branch_Dr_At_Campus_Dr
06:30:00Z,0,0,9,0,0,Paint_Branch_Dr_At_Campus_Dr
06:45:00Z,0,0,6,0,0,Paint_Branch_Dr_At_Campus_Dr
07:00:00Z,0,0,6,0,0,Paint_Branch_Dr_At_Campus_Dr
07:15:00Z,0,0,4,0,0,Paint_Branch_Dr_At_Campus_Dr
07:30:00Z,0,0,7,0,0,Paint_Branch_Dr_At_Campus_Dr
07:45:00Z,0,0,6,0,0,Paint_Branch_Dr_At_Campus_Dr
08:00:00Z,0,0,5,0,0,Paint_Branch_Dr_At_Campus_Dr
08:15:00Z,0,0,5,0,0,Paint_Branch_Dr_At_Campus_Dr
08:30:00Z,0,0,7,0,0,Paint_Branch_Dr_At_Campus_Dr
08:45:00Z,0,0,6,0,0,Paint_Branch_Dr_At_Campus_Dr
09:00:00Z,0,0,5,0,0,Paint_Branch_Dr_At_Campus_Dr
09:15:00Z,0,0,7,0,1,Paint_Branch_Dr_At_Campus_Dr
09:30:00Z,0,0,11,0,1,Paint_Branch_Dr_At_Campus_Dr
09:45:00Z,0,0,17,0,1,Paint_Branch_Dr_At_Campus_Dr
10:00:00Z,0,0,14,0,1,Paint_Branch_Dr_At_Campus_Dr
10:15:00Z,0,0,14,0,1,Paint_Branch_Dr_At_Campus_Dr
10:30:00Z,1,0,22,1,1,Paint_Branch_Dr_At_Campus_Dr
10:45:00Z,0,0,32,1,2,Paint_Branch_Dr_At_Campus_Dr
11:00:00Z,0,0,47,3,3,Paint_Branch_Dr_At_Campus_Dr
11:15:00Z,4,0,108,3,7,Paint_Branch_Dr_At_Campus_Dr
11:30:00Z,7,1,169,6,13,Paint_Branch_Dr_At_Campus_Dr
11:45:00Z,16,2,214,6,15,Paint_Branch_Dr_At_Campus_Dr
12:00:00Z,7,1,208,6,12,Paint_Branch_Dr_At_Campus_Dr
12:15:00Z,7,1,224,7,15,Paint_Branch_Dr_At_Campus_Dr
12:30:00Z,13,1,254,8,17,Paint_Branch_Dr_At_Campus_Dr
12:45:00Z,36,7,292,7,18,Paint_Branch_Dr_At_Campus_Dr
13:00:00Z,38,3,247,9,14,Paint_Branch_Dr_At_Campus_Dr
13:15:00Z,50,6,225,8,16,Paint_Branch_Dr_At_Campus_Dr
13:30:00Z,44,6,222,8,14,Paint_Branch_Dr_At_Campus_Dr
13:45:00Z,93,13,244,9,19,Paint_Branch_Dr_At_Campus_Dr
14:00:00Z,45,4,214,8,14,Paint_Branch_Dr_At_Campus_Dr
14:15:00Z,71,7,192,7,16,Paint_Branch_Dr_At_Campus_Dr
14:30:00Z,66,8,216,10,18,Paint_Branch_Dr_At_Campus_Dr
14:45:00Z,237,33,210,9,18,Paint_Branch_Dr_At_Campus_Dr
15:00:00Z,85,9,188,6,13,Paint_Branch_Dr_At_Campus_Dr
15:15:00Z,54,6,158,8,12,Paint_Branch_Dr_At_Campus_Dr
15:30:00Z,88,8,169,7,14,Paint_Branch_Dr_At_Campus_Dr
15:45:00Z,320,41,200,7,16,Paint_Branch_Dr_At_Campus_Dr
16:00:00Z,139,13,214,6,15,Paint_Branch_Dr_At_Campus_Dr
16:15:00Z,124,12,166,7,13,Paint_Branch_Dr_At_Campus_Dr
16:30:00Z,84,6,184,6,11,Paint_Branch_Dr_At_Campus_Dr
16:45:00Z,235,29,207,6,17,Paint_Branch_Dr_At_Campus_Dr
17:00:00Z,131,11,201,5,13,Paint_Branch_Dr_At_Campus_Dr
17:15:00Z,143,13,193,6,10,Paint_Branch_Dr_At_Campus_Dr
17:30:00Z,117,8,225,7,13,Paint_Branch_Dr_At_Campus_Dr
17:45:00Z,286,39,248,6,16,Paint_Branch_Dr_At_Campus_Dr
18:00:00Z,103,7,219,6,13,Paint_Branch_Dr_At_Campus_Dr
18:15:00Z,78,5,164,7,10,Paint_Branch_Dr_At_Campus_Dr
18:30:00Z,115,8,210,6,12,Paint_Branch_Dr_At_Campus_Dr
18:45:00Z,230,27,251,6,14,Paint_Branch_Dr_At_Campus_Dr
19:00:00Z,117,11,260,7,11,Paint_Branch_Dr_At_Campus_Dr
19:15:00Z,143,19,237,7,10,Paint_Branch_Dr_At_Campus_Dr
19:30:00Z,75,5,253,6,10,Paint_Branch_Dr_At_Campus_Dr
19:45:00Z,105,11,243,9,11,Paint_Branch_Dr_At_Campus_Dr
20:00:00Z,79,8,249,7,10,Paint_Branch_Dr_At_Campus_Dr
20:15:00Z,125,10,244,8,11,Paint_Branch_Dr_At_Campus_Dr
20:30:00Z,97,7,277,8,11,Paint_Branch_Dr_At_Campus_Dr
20:45:00Z,141,17,272,7,10,Paint_Branch_Dr_At_Campus_Dr
21:00:00Z,83,7,300,9,9,Paint_Branch_Dr_At_Campus_Dr
21:15:00Z,73,6,345,8,8,Paint_Branch_Dr_At_Campus_Dr
21:30:00Z,90,8,395,8,9,Paint_Branch_Dr_At_Campus_Dr
21:45:00Z,145,14,393,6,13,Paint_Branch_Dr_At_Campus_Dr
22:00:00Z,78,8,379,9,13,Paint_Branch_Dr_At_Campus_Dr
22:15:00Z,35,2,294,7,7,Paint_Branch_Dr_At_Campus_Dr
22:30:00Z,6,0,201,4,3,Paint_Branch_Dr_At_Campus_Dr
22:45:00Z,3,1,183,4,3,Paint_Branch_Dr_At_Campus_Dr
23:00:00Z,2,0,176,3,3,Paint_Branch_Dr_At_Campus_Dr
23:15:00Z,4,0,163,4,4,Paint_Branch_Dr_At_Campus_Dr
23:30:00Z,1,0,137,3,2,Paint_Branch_Dr_At_Campus_Dr
23:45:00Z,2,0,144,3,2,Paint_Branch_Dr_At_Campus_Dr
00:00:00Z,66,4,106,4,4,Regents_Dr_&_Stadium_Dr_1
00:15:00Z,61,3,86,5,3,Regents_Dr_&_Stadium_Dr_1
00:30:00Z,45,3,72,4,2,Regents_Dr_&_Stadium_Dr_1
00:45:00Z,43,5,81,3,2,Regents_Dr_&_Stadium_Dr_1
01:00:00Z,42,3,73,4,2,Regents_Dr_&_Stadium_Dr_1
01:15:00Z,31,2,70,4,3,Regents_Dr_&_Stadium_Dr_1
01:30:00Z,35,1,71,3,3,Regents_Dr_&_Stadium_Dr_1
01:45:00Z,37,1,64,2,2,Regents_Dr_&_Stadium_Dr_1
02:00:00Z,30,3,78,5,3,Regents_Dr_&_Stadium_Dr_1
02:15:00Z,33,3,77,3,2,Regents_Dr_&_Stadium_Dr_1
02:30:00Z,26,1,65,2,2,Regents_Dr_&_Stadium_Dr_1
02:45:00Z,16,1,48,2,1,Regents_Dr_&_Stadium_Dr_1
03:00:00Z,20,1,42,3,3,Regents_Dr_&_Stadium_Dr_1
03:15:00Z,8,0,39,1,1,Regents_Dr_&_Stadium_Dr_1
03:30:00Z,12,1,39,1,1,Regents_Dr_&_Stadium_Dr_1
03:45:00Z,8,0,34,2,2,Regents_Dr_&_Stadium_Dr_1
04:00:00Z,7,0,38,2,1,Regents_Dr_&_Stadium_Dr_1
04:15:00Z,7,0,26,1,1,Regents_Dr_&_Stadium_Dr_1
04:30:00Z,6,0,29,1,1,Regents_Dr_&_Stadium_Dr_1
04:45:00Z,5,0,25,1,1,Regents_Dr_&_Stadium_Dr_1
05:00:00Z,6,0,27,2,1,Regents_Dr_&_Stadium_Dr_1
05:15:00Z,8,0,22,1,1,Regents_Dr_&_Stadium_Dr_1
05:30:00Z,3,0,21,1,1,Regents_Dr_&_Stadium_Dr_1
05:45:00Z,4,0,20,1,0,Regents_Dr_&_Stadium_Dr_1
06:00:00Z,1,0,15,2,1,Regents_Dr_&_Stadium_Dr_1
06:15:00Z,2,0,15,1,0,Regents_Dr_&_Stadium_Dr_1
06:30:00Z,1,0,9,1,1,Regents_Dr_&_Stadium_Dr_1
06:45:00Z,1,0,14,1,1,Regents_Dr_&_Stadium_Dr_1
07:00:00Z,2,1,10,2,1,Regents_Dr_&_Stadium_Dr_1
07:15:00Z,1,0,7,0,0,Regents_Dr_&_Stadium_Dr_1
07:30:00Z,0,0,9,1,0,Regents_Dr_&_Stadium_Dr_1
07:45:00Z,3,0,11,1,0,Regents_Dr_&_Stadium_Dr_1
08:00:00Z,2,0,6,1,1,Regents_Dr_&_Stadium_Dr_1
08:15:00Z,1,0,3,0,1,Regents_Dr_&_Stadium_Dr_1
08:30:00Z,1,0,7,0,1,Regents_Dr_&_Stadium_Dr_1
08:45:00Z,4,0,8,0,1,Regents_Dr_&_Stadium_Dr_1
09:00:00Z,1,0,5,0,1,Regents_Dr_&_Stadium_Dr_1
09:15:00Z,0,0,7,0,1,Regents_Dr_&_Stadium_Dr_1
09:30:00Z,1,0,11,0,1,Regents_Dr_&_Stadium_Dr_1
09:45:00Z,1,0,13,0,2,Regents_Dr_&_Stadium_Dr_1
10:00:00Z,1,0,14,1,1,Regents_Dr_&_Stadium_Dr_1
10:15:00Z,2,0,17,1,2,Regents_Dr_&_Stadium_Dr_1
10:30:00Z,2,0,27,1,2,Regents_Dr_&_Stadium_Dr_1
10:45:00Z,3,0,26,1,3,Regents_Dr_&_Stadium_Dr_1
11:00:00Z,9,1,44,7,4,Regents_Dr_&_Stadium_Dr_1
11:15:00Z,17,28,61,12,8,Regents_Dr_&_Stadium_Dr_1
11:30:00Z,81,81,73,20,13,Regents_Dr_&_Stadium_Dr_1
11:45:00Z,194,103,82,17,15,Regents_Dr_&_Stadium_Dr_1
12:00:00Z,78,75,102,21,16,Regents_Dr_&_Stadium_Dr_1
12:15:00Z,66,74,108,21,17,Regents_Dr_&_Stadium_Dr_1
12:30:00Z,165,111,118,30,20,Regents_Dr_&_Stadium_Dr_1
12:45:00Z,432,193,125,24,21,Regents_Dr_&_Stadium_Dr_1
13:00:00Z,220,152,125,26,20,Regents_Dr_&_Stadium_Dr_1
13:15:00Z,282,188,119,23,18,Regents_Dr_&_Stadium_Dr_1
13:30:00Z,284,217,113,37,20,Regents_Dr_&_Stadium_Dr_1
13:45:00Z,610,331,134,21,22,Regents_Dr_&_Stadium_Dr_1
14:00:00Z,296,262,143,22,20,Regents_Dr_&_Stadium_Dr_1
14:15:00Z,388,243,129,25,20,Regents_Dr_&_Stadium_Dr_1
14:30:00Z,346,200,127,31,20,Regents_Dr_&_Stadium_Dr_1
14:45:00Z,823,321,132,25,23,Regents_Dr_&_Stadium_Dr_1
15:00:00Z,317,152,153,24,29,Regents_Dr_&_Stadium_Dr_1
15:15:00Z,239,134,119,25,21,Regents_Dr_&_Stadium_Dr_1
15:30:00Z,313,176,133,20,20,Regents_Dr_&_Stadium_Dr_1
15:45:00Z,865,298,136,24,23,Regents_Dr_&_Stadium_Dr_1
16:00:00Z,378,216,183,20,26,Regents_Dr_&_Stadium_Dr_1
16:15:00Z,370,221,127,21,18,Regents_Dr_&_Stadium_Dr_1
16:30:00Z,320,187,140,14,13,Regents_Dr_&_Stadium_Dr_1
16:45:00Z,717,271,126,22,17,Regents_Dr_&_Stadium_Dr_1
17:00:00Z,383,218,141,23,21,Regents_Dr_&_Stadium_Dr_1
17:15:00Z,425,200,135,12,15,Regents_Dr_&_Stadium_Dr_1
17:30:00Z,367,153,161,19,22,Regents_Dr_&_Stadium_Dr_1
17:45:00Z,803,244,148,22,23,Regents_Dr_&_Stadium_Dr_1
18:00:00Z,292,105,169,29,27,Regents_Dr_&_Stadium_Dr_1
18:15:00Z,219,73,134,14,19,Regents_Dr_&_Stadium_Dr_1
18:30:00Z,317,124,152,25,26,Regents_Dr_&_Stadium_Dr_1
18:45:00Z,792,216,149,26,16,Regents_Dr_&_Stadium_Dr_1
19:00:00Z,371,153,190,22,19,Regents_Dr_&_Stadium_Dr_1
19:15:00Z,383,143,174,16,14,Regents_Dr_&_Stadium_Dr_1
19:30:00Z,323,155,199,18,18,Regents_Dr_&_Stadium_Dr_1
19:45:00Z,546,239,182,25,15,Regents_Dr_&_Stadium_Dr_1
20:00:00Z,434,239,222,20,16,Regents_Dr_&_Stadium_Dr_1
20:15:00Z,477,264,198,20,17,Regents_Dr_&_Stadium_Dr_1
20:30:00Z,374,231,237,20,17,Regents_Dr_&_Stadium_Dr_1
20:45:00Z,476,281,213,26,18,Regents_Dr_&_Stadium_Dr_1
21:00:00Z,396,261,236,29,14,Regents_Dr_&_Stadium_Dr_1
21:15:00Z,369,245,244,19,17,Regents_Dr_&_Stadium_Dr_1
21:30:00Z,393,262,250,20,14,Regents_Dr_&_Stadium_Dr_1
21:45:00Z,440,257,225,24,15,Regents_Dr_&_Stadium_Dr_1
22:00:00Z,304,244,239,26,13,Regents_Dr_&_Stadium_Dr_1
22:15:00Z,228,101,223,23,10,Regents_Dr_&_Stadium_Dr_1
22:30:00Z,138,12,173,9,4,Regents_Dr_&_Stadium_Dr_1
22:45:00Z,124,7,142,8,5,Regents_Dr_&_Stadium_Dr_1
23:00:00Z,112,5,144,7,5,Regents_Dr_&_Stadium_Dr_1
23:15:00Z,97,8,126,11,7,Regents_Dr_&_Stadium_Dr_1
23:30:00Z,78,5,124,6,4,Regents_Dr_&_Stadium_Dr_1
23:45:00Z,111,8,115,6,4,Regents_Dr_&_Stadium_Dr_1
00:00:00Z,32,1,33,2,2,Regents_Dr_&_Stadium_Dr_2
00:15:00Z,28,1,27,3,1,Regents_Dr_&_Stadium_Dr_2
00:30:00Z,19,1,20,2,1,Regents_Dr_&_Stadium_Dr_2
00:45:00Z,18,0,23,3,1,Regents_Dr_&_Stadium_Dr_2
01:00:00Z,18,1,23,3,1,Regents_Dr_&_Stadium_Dr_2
01:15:00Z,18,1,19,2,1,Regents_Dr_&_Stadium_Dr_2
01:30:00Z,19,1,23,2,1,Regents_Dr_&_Stadium_Dr_2
01:45:00Z,15,0,17,3,1,Regents_Dr_&_Stadium_Dr_2
02:00:00Z,14,1,24,2,1,Regents_Dr_&_Stadium_Dr_2
02:15:00Z,14,0,25,2,1,Regents_Dr_&_Stadium_Dr_2
02:30:00Z,13,0,19,2,3,Regents_Dr_&_Stadium_Dr_2
02:45:00Z,11,0,14,3,1,Regents_Dr_&_Stadium_Dr_2
03:00:00Z,9,0,12,2,1,Regents_Dr_&_Stadium_Dr_2
03:15:00Z,5,0,10,2,1,Regents_Dr_&_Stadium_Dr_2
03:30:00Z,6,0,9,2,0,Regents_Dr_&_Stadium_Dr_2
03:45:00Z,5,0,7,2,0,Regents_Dr_&_Stadium_Dr_2
04:00:00Z,4,0,10,2,1,Regents_Dr_&_Stadium_Dr_2
04:15:00Z,4,0,7,2,1,Regents_Dr_&_Stadium_Dr_2
04:30:00Z,3,0,7,2,0,Regents_Dr_&_Stadium_Dr_2
04:45:00Z,3,0,5,2,0,Regents_Dr_&_Stadium_Dr_2
05:00:00Z,2,0,7,2,1,Regents_Dr_&_Stadium_Dr_2
05:15:00Z,2,0,7,2,1,Regents_Dr_&_Stadium_Dr_2
05:30:00Z,2,0,4,2,1,Regents_Dr_&_Stadium_Dr_2
05:45:00Z,2,0,4,2,0,Regents_Dr_&_Stadium_Dr_2
06:00:00Z,2,0,3,2,0,Regents_Dr_&_Stadium_Dr_2
06:15:00Z,1,0,4,2,1,Regents_Dr_&_Stadium_Dr_2
06:30:00Z,2,0,3,1,0,Regents_Dr_&_Stadium_Dr_2
06:45:00Z,1,0,2,2,0,Regents_Dr_&_Stadium_Dr_2
07:00:00Z,2,0,3,1,0,Regents_Dr_&_Stadium_Dr_2
07:15:00Z,2,0,2,1,0,Regents_Dr_&_Stadium_Dr_2
07:30:00Z,2,0,2,1,0,Regents_Dr_&_Stadium_Dr_2
07:45:00Z,0,0,3,1,0,Regents_Dr_&_Stadium_Dr_2
08:00:00Z,0,0,2,1,1,Regents_Dr_&_Stadium_Dr_2
08:15:00Z,1,0,2,0,1,Regents_Dr_&_Stadium_Dr_2
08:30:00Z,1,0,3,0,0,Regents_Dr_&_Stadium_Dr_2
08:45:00Z,0,0,3,1,1,Regents_Dr_&_Stadium_Dr_2
09:00:00Z,0,0,2,0,0,Regents_Dr_&_Stadium_Dr_2
09:15:00Z,0,0,2,0,1,Regents_Dr_&_Stadium_Dr_2
09:30:00Z,0,0,3,0,0,Regents_Dr_&_Stadium_Dr_2
09:45:00Z,1,0,3,0,1,Regents_Dr_&_Stadium_Dr_2
10:00:00Z,2,0,4,0,1,Regents_Dr_&_Stadium_Dr_2
10:15:00Z,1,0,5,0,2,Regents_Dr_&_Stadium_Dr_2
10:30:00Z,2,0,5,1,2,Regents_Dr_&_Stadium_Dr_2
10:45:00Z,3,0,8,1,2,Regents_Dr_&_Stadium_Dr_2
11:00:00Z,3,0,12,1,2,Regents_Dr_&_Stadium_Dr_2
11:15:00Z,6,0,23,1,4,Regents_Dr_&_Stadium_Dr_2
11:30:00Z,24,2,30,2,6,Regents_Dr_&_Stadium_Dr_2
11:45:00Z,66,9,50,3,10,Regents_Dr_&_Stadium_Dr_2
12:00:00Z,29,3,53,3,11,Regents_Dr_&_Stadium_Dr_2
12:15:00Z,31,4,54,3,11,Regents_Dr_&_Stadium_Dr_2
12:30:00Z,75,7,62,4,12,Regents_Dr_&_Stadium_Dr_2
12:45:00Z,202,18,81,4,13,Regents_Dr_&_Stadium_Dr_2
13:00:00Z,87,14,76,3,11,Regents_Dr_&_Stadium_Dr_2
13:15:00Z,112,16,67,4,10,Regents_Dr_&_Stadium_Dr_2
13:30:00Z,83,8,58,4,8,Regents_Dr_&_Stadium_Dr_2
13:45:00Z,206,18,69,4,11,Regents_Dr_&_Stadium_Dr_2
14:00:00Z,96,14,68,3,10,Regents_Dr_&_Stadium_Dr_2
14:15:00Z,144,14,61,4,10,Regents_Dr_&_Stadium_Dr_2
14:30:00Z,138,13,61,3,7,Regents_Dr_&_Stadium_Dr_2
14:45:00Z,352,41,70,4,9,Regents_Dr_&_Stadium_Dr_2
15:00:00Z,125,12,62,4,7,Regents_Dr_&_Stadium_Dr_2
15:15:00Z,106,9,49,3,9,Regents_Dr_&_Stadium_Dr_2
15:30:00Z,154,15,55,3,7,Regents_Dr_&_Stadium_Dr_2
15:45:00Z,424,44,69,5,10,Regents_Dr_&_Stadium_Dr_2
16:00:00Z,169,20,82,3,11,Regents_Dr_&_Stadium_Dr_2
16:15:00Z,176,15,61,3,7,Regents_Dr_&_Stadium_Dr_2
16:30:00Z,138,11,67,3,7,Regents_Dr_&_Stadium_Dr_2
16:45:00Z,360,29,65,3,9,Regents_Dr_&_Stadium_Dr_2
17:00:00Z,176,16,67,3,8,Regents_Dr_&_Stadium_Dr_2
17:15:00Z,189,17,64,3,10,Regents_Dr_&_Stadium_Dr_2
17:30:00Z,173,11,75,3,10,Regents_Dr_&_Stadium_Dr_2
17:45:00Z,416,39,78,4,11,Regents_Dr_&_Stadium_Dr_2
18:00:00Z,151,14,80,5,11,Regents_Dr_&_Stadium_Dr_2
18:15:00Z,121,9,58,2,10,Regents_Dr_&_Stadium_Dr_2
18:30:00Z,171,16,69,4,10,Regents_Dr_&_Stadium_Dr_2
18:45:00Z,394,37,75,4,12,Regents_Dr_&_Stadium_Dr_2
19:00:00Z,177,21,82,5,10,Regents_Dr_&_Stadium_Dr_2
19:15:00Z,213,14,72,4,12,Regents_Dr_&_Stadium_Dr_2
19:30:00Z,136,10,76,4,10,Regents_Dr_&_Stadium_Dr_2
19:45:00Z,232,19,84,4,10,Regents_Dr_&_Stadium_Dr_2
20:00:00Z,161,16,104,4,8,Regents_Dr_&_Stadium_Dr_2
20:15:00Z,199,23,98,4,9,Regents_Dr_&_Stadium_Dr_2
20:30:00Z,153,17,109,4,7,Regents_Dr_&_Stadium_Dr_2
20:45:00Z,243,25,114,4,6,Regents_Dr_&_Stadium_Dr_2
21:00:00Z,153,18,127,5,7,Regents_Dr_&_Stadium_Dr_2
21:15:00Z,143,19,116,4,5,Regents_Dr_&_Stadium_Dr_2
21:30:00Z,143,18,122,5,6,Regents_Dr_&_Stadium_Dr_2
21:45:00Z,188,23,125,5,4,Regents_Dr_&_Stadium_Dr_2
22:00:00Z,121,12,118,6,5,Regents_Dr_&_Stadium_Dr_2
22:15:00Z,84,6,97,4,3,Regents_Dr_&_Stadium_Dr_2
22:30:00Z,62,3,61,3,2,Regents_Dr_&_Stadium_Dr_2
22:45:00Z,59,3,46,3,1,Regents_Dr_&_Stadium_Dr_2
23:00:00Z,47,3,47,3,2,Regents_Dr_&_Stadium_Dr_2
23:15:00Z,50,2,40,3,2,Regents_Dr_&_Stadium_Dr_2
23:30:00Z,39,1,40,3,2,Regents_Dr_&_Stadium_Dr_2
23:45:00Z,40,1,38,3,2,Regents_Dr_&_Stadium_Dr_2
00:00:00Z,42,3,47,2,1,Regents_Dr_&_Stadium_Dr_3
00:15:00Z,36,2,39,2,1,Regents_Dr_&_Stadium_Dr_3
00:30:00Z,27,4,37,2,1,Regents_Dr_&_Stadium_Dr_3
00:45:00Z,28,2,35,1,1,Regents_Dr_&_Stadium_Dr_3
01:00:00Z,23,3,32,1,0,Regents_Dr_&_Stadium_Dr_3
01:15:00Z,19,3,29,1,0,Regents_Dr_&_Stadium_Dr_3
01:30:00Z,20,2,32,1,0,Regents_Dr_&_Stadium_Dr_3
01:45:00Z,22,1,28,1,0,Regents_Dr_&_Stadium_Dr_3
02:00:00Z,20,1,31,1,0,Regents_Dr_&_Stadium_Dr_3
02:15:00Z,19,2,27,1,0,Regents_Dr_&_Stadium_Dr_3
02:30:00Z,18,1,32,0,0,Regents_Dr_&_Stadium_Dr_3
02:45:00Z,14,1,22,1,0,Regents_Dr_&_Stadium_Dr_3
03:00:00Z,15,1,20,1,0,Regents_Dr_&_Stadium_Dr_3
03:15:00Z,7,1,15,0,0,Regents_Dr_&_Stadium_Dr_3
03:30:00Z,6,0,14,0,0,Regents_Dr_&_Stadium_Dr_3
03:45:00Z,6,0,11,0,0,Regents_Dr_&_Stadium_Dr_3
04:00:00Z,6,0,12,0,0,Regents_Dr_&_Stadium_Dr_3
04:15:00Z,7,1,8,0,0,Regents_Dr_&_Stadium_Dr_3
04:30:00Z,6,0,9,0,0,Regents_Dr_&_Stadium_Dr_3
04:45:00Z,4,0,7,0,0,Regents_Dr_&_Stadium_Dr_3
05:00:00Z,4,0,10,0,0,Regents_Dr_&_Stadium_Dr_3
05:15:00Z,5,0,8,0,0,Regents_Dr_&_Stadium_Dr_3
05:30:00Z,3,0,7,0,0,Regents_Dr_&_Stadium_Dr_3
05:45:00Z,3,0,6,0,0,Regents_Dr_&_Stadium_Dr_3
06:00:00Z,4,0,5,0,0,Regents_Dr_&_Stadium_Dr_3
06:15:00Z,2,0,5,0,0,Regents_Dr_&_Stadium_Dr_3
06:30:00Z,3,0,5,0,0,Regents_Dr_&_Stadium_Dr_3
06:45:00Z,3,0,4,0,0,Regents_Dr_&_Stadium_Dr_3
07:00:00Z,2,0,4,0,0,Regents_Dr_&_Stadium_Dr_3
07:15:00Z,2,0,3,0,1,Regents_Dr_&_Stadium_Dr_3
07:30:00Z,1,0,4,0,1,Regents_Dr_&_Stadium_Dr_3
07:45:00Z,1,0,6,0,0,Regents_Dr_&_Stadium_Dr_3
08:00:00Z,1,0,4,0,0,Regents_Dr_&_Stadium_Dr_3
08:15:00Z,0,0,3,0,1,Regents_Dr_&_Stadium_Dr_3
08:30:00Z,1,0,4,0,0,Regents_Dr_&_Stadium_Dr_3
08:45:00Z,0,0,6,0,0,Regents_Dr_&_Stadium_Dr_3
09:00:00Z,0,0,4,0,0,Regents_Dr_&_Stadium_Dr_3
09:15:00Z,0,0,3,0,1,Regents_Dr_&_Stadium_Dr_3
09:30:00Z,1,0,3,0,1,Regents_Dr_&_Stadium_Dr_3
09:45:00Z,1,0,6,0,1,Regents_Dr_&_Stadium_Dr_3
10:00:00Z,1,0,4,1,1,Regents_Dr_&_Stadium_Dr_3
10:15:00Z,1,0,4,1,1,Regents_Dr_&_Stadium_Dr_3
10:30:00Z,3,0,7,1,1,Regents_Dr_&_Stadium_Dr_3
10:45:00Z,3,0,11,1,1,Regents_Dr_&_Stadium_Dr_3
11:00:00Z,4,0,23,2,1,Regents_Dr_&_Stadium_Dr_3
11:15:00Z,6,1,78,1,3,Regents_Dr_&_Stadium_Dr_3
11:30:00Z,37,6,132,5,7,Regents_Dr_&_Stadium_Dr_3
11:45:00Z,117,15,146,4,10,Regents_Dr_&_Stadium_Dr_3
12:00:00Z,41,5,172,4,9,Regents_Dr_&_Stadium_Dr_3
12:15:00Z,38,5,174,4,10,Regents_Dr_&_Stadium_Dr_3
12:30:00Z,102,15,190,8,9,Regents_Dr_&_Stadium_Dr_3
12:45:00Z,319,42,188,7,13,Regents_Dr_&_Stadium_Dr_3
13:00:00Z,142,22,197,6,13,Regents_Dr_&_Stadium_Dr_3
13:15:00Z,191,26,195,5,9,Regents_Dr_&_Stadium_Dr_3
13:30:00Z,160,18,199,9,15,Regents_Dr_&_Stadium_Dr_3
13:45:00Z,424,38,212,4,9,Regents_Dr_&_Stadium_Dr_3
14:00:00Z,164,21,220,3,8,Regents_Dr_&_Stadium_Dr_3
14:15:00Z,240,30,192,4,8,Regents_Dr_&_Stadium_Dr_3
14:30:00Z,212,31,210,6,9,Regents_Dr_&_Stadium_Dr_3
14:45:00Z,613,79,208,5,12,Regents_Dr_&_Stadium_Dr_3
15:00:00Z,194,30,242,4,8,Regents_Dr_&_Stadium_Dr_3
15:15:00Z,151,22,194,2,8,Regents_Dr_&_Stadium_Dr_3
15:30:00Z,211,27,209,3,8,Regents_Dr_&_Stadium_Dr_3
15:45:00Z,624,83,198,6,11,Regents_Dr_&_Stadium_Dr_3
16:00:00Z,228,35,277,3,10,Regents_Dr_&_Stadium_Dr_3
16:15:00Z,252,39,200,3,8,Regents_Dr_&_Stadium_Dr_3
16:30:00Z,186,24,218,4,12,Regents_Dr_&_Stadium_Dr_3
16:45:00Z,497,79,187,5,7,Regents_Dr_&_Stadium_Dr_3
17:00:00Z,234,46,217,4,8,Regents_Dr_&_Stadium_Dr_3
17:15:00Z,267,41,197,2,7,Regents_Dr_&_Stadium_Dr_3
17:30:00Z,229,30,229,4,9,Regents_Dr_&_Stadium_Dr_3
17:45:00Z,617,80,211,5,9,Regents_Dr_&_Stadium_Dr_3
18:00:00Z,177,26,255,4,9,Regents_Dr_&_Stadium_Dr_3
18:15:00Z,143,14,209,1,6,Regents_Dr_&_Stadium_Dr_3
18:30:00Z,210,32,227,4,10,Regents_Dr_&_Stadium_Dr_3
18:45:00Z,572,76,188,5,9,Regents_Dr_&_Stadium_Dr_3
19:00:00Z,224,33,212,3,10,Regents_Dr_&_Stadium_Dr_3
19:15:00Z,270,26,195,3,10,Regents_Dr_&_Stadium_Dr_3
19:30:00Z,200,27,230,6,10,Regents_Dr_&_Stadium_Dr_3
19:45:00Z,378,55,249,7,10,Regents_Dr_&_Stadium_Dr_3
20:00:00Z,236,40,327,4,12,Regents_Dr_&_Stadium_Dr_3
20:15:00Z,275,50,289,5,12,Regents_Dr_&_Stadium_Dr_3
20:30:00Z,182,32,349,5,10,Regents_Dr_&_Stadium_Dr_3
20:45:00Z,280,51,320,9,11,Regents_Dr_&_Stadium_Dr_3
21:00:00Z,202,38,365,9,12,Regents_Dr_&_Stadium_Dr_3
21:15:00Z,191,39,354,7,9,Regents_Dr_&_Stadium_Dr_3
21:30:00Z,186,41,386,6,9,Regents_Dr_&_Stadium_Dr_3
21:45:00Z,231,43,376,8,9,Regents_Dr_&_Stadium_Dr_3
22:00:00Z,146,28,348,5,8,Regents_Dr_&_Stadium_Dr_3
22:15:00Z,95,13,191,4,4,Regents_Dr_&_Stadium_Dr_3
22:30:00Z,77,6,98,3,1,Regents_Dr_&_Stadium_Dr_3
22:45:00Z,76,6,81,3,1,Regents_Dr_&_Stadium_Dr_3
23:00:00Z,68,6,78,3,1,Regents_Dr_&_Stadium_Dr_3
23:15:00Z,64,6,71,3,1,Regents_Dr_&_Stadium_Dr_3
23:30:00Z,47,4,63,3,1,Regents_Dr_&_Stadium_Dr_3
23:45:00Z,58,3,60,3,1,Regents_Dr_&_Stadium_Dr_3
00:00:00Z,40,1,170,5,1,South_Gate_Northern_View
00:15:00Z,43,2,161,6,1,South_Gate_Northern_View
00:30:00Z,30,1,154,6,2,South_Gate_Northern_View
00:45:00Z,26,1,149,6,1,South_Gate_Northern_View
01:00:00Z,31,1,138,5,1,South_Gate_Northern_View
01:15:00Z,30,1,129,6,1,South_Gate_Northern_View
01:30:00Z,32,3,120,5,1,South_Gate_Northern_View
01:45:00Z,25,3,114,6,1,South_Gate_Northern_View
02:00:00Z,23,3,125,7,2,South_Gate_Northern_View
02:15:00Z,25,2,110,5,1,South_Gate_Northern_View
02:30:00Z,21,1,108,7,1,South_Gate_Northern_View
02:45:00Z,16,0,96,6,1,South_Gate_Northern_View
03:00:00Z,15,1,89,7,1,South_Gate_Northern_View
03:15:00Z,11,0,83,7,1,South_Gate_Northern_View
03:30:00Z,11,1,74,7,1,South_Gate_Northern_View
03:45:00Z,10,1,67,6,1,South_Gate_Northern_View
04:00:00Z,8,1,73,6,1,South_Gate_Northern_View
04:15:00Z,8,0,61,8,1,South_Gate_Northern_View
04:30:00Z,10,0,51,5,0,South_Gate_Northern_View
04:45:00Z,8,0,55,7,1,South_Gate_Northern_View
05:00:00Z,8,0,57,6,3,South_Gate_Northern_View
05:15:00Z,6,0,47,5,3,South_Gate_Northern_View
05:30:00Z,6,0,42,5,2,South_Gate_Northern_View
05:45:00Z,7,0,39,6,0,South_Gate_Northern_View
06:00:00Z,5,0,36,7,2,South_Gate_Northern_View
06:15:00Z,4,0,35,4,1,South_Gate_Northern_View
06:30:00Z,4,0,33,3,1,South_Gate_Northern_View
06:45:00Z,4,0,27,6,1,South_Gate_Northern_View
07:00:00Z,3,0,24,2,1,South_Gate_Northern_View
07:15:00Z,2,0,22,2,1,South_Gate_Northern_View
07:30:00Z,1,0,18,1,1,South_Gate_Northern_View
07:45:00Z,1,0,22,3,2,South_Gate_Northern_View
08:00:00Z,1,0,19,1,1,South_Gate_Northern_View
08:15:00Z,1,0,16,0,1,South_Gate_Northern_View
08:30:00Z,1,0,16,0,1,South_Gate_Northern_View
08:45:00Z,0,0,16,1,2,South_Gate_Northern_View
09:00:00Z,0,0,15,0,1,South_Gate_Northern_View
09:15:00Z,1,0,16,1,0,South_Gate_Northern_View
09:30:00Z,0,0,23,1,0,South_Gate_Northern_View
09:45:00Z,1,0,24,1,2,South_Gate_Northern_View
10:00:00Z,1,0,31,1,1,South_Gate_Northern_View
10:15:00Z,1,0,33,0,1,South_Gate_Northern_View
10:30:00Z,2,0,44,1,1,South_Gate_Northern_View
10:45:00Z,1,0,50,2,1,South_Gate_Northern_View
11:00:00Z,1,0,92,2,2,South_Gate_Northern_View
11:15:00Z,10,1,181,6,6,South_Gate_Northern_View
11:30:00Z,20,2,224,7,10,South_Gate_Northern_View
11:45:00Z,42,3,283,6,15,South_Gate_Northern_View
12:00:00Z,17,3,252,7,13,South_Gate_Northern_View
12:15:00Z,22,2,263,6,14,South_Gate_Northern_View
12:30:00Z,52,8,266,8,14,South_Gate_Northern_View
12:45:00Z,74,8,264,9,13,South_Gate_Northern_View
13:00:00Z,100,8,263,11,12,South_Gate_Northern_View
13:15:00Z,116,12,263,12,14,South_Gate_Northern_View
13:30:00Z,93,10,265,15,11,South_Gate_Northern_View
13:45:00Z,123,13,257,16,11,South_Gate_Northern_View
14:00:00Z,113,11,289,18,12,South_Gate_Northern_View
14:15:00Z,136,13,282,19,11,South_Gate_Northern_View
14:30:00Z,198,15,297,20,9,South_Gate_Northern_View
14:45:00Z,245,32,325,18,12,South_Gate_Northern_View
15:00:00Z,147,13,347,21,14,South_Gate_Northern_View
15:15:00Z,114,12,310,20,11,South_Gate_Northern_View
15:30:00Z,213,20,335,18,11,South_Gate_Northern_View
15:45:00Z,315,39,382,15,12,South_Gate_Northern_View
16:00:00Z,246,23,413,16,17,South_Gate_Northern_View
16:15:00Z,242,28,392,8,13,South_Gate_Northern_View
16:30:00Z,216,21,436,10,13,South_Gate_Northern_View
16:45:00Z,264,29,438,7,12,South_Gate_Northern_View
17:00:00Z,301,37,453,8,10,South_Gate_Northern_View
17:15:00Z,280,30,448,7,13,South_Gate_Northern_View
17:30:00Z,305,34,487,7,14,South_Gate_Northern_View
17:45:00Z,359,47,471,7,12,South_Gate_Northern_View
18:00:00Z,269,48,491,8,10,South_Gate_Northern_View
18:15:00Z,200,32,467,9,11,South_Gate_Northern_View
18:30:00Z,292,37,483,7,12,South_Gate_Northern_View
18:45:00Z,349,54,475,9,12,South_Gate_Northern_View
19:00:00Z,289,47,506,6,11,South_Gate_Northern_View
19:15:00Z,310,53,503,9,12,South_Gate_Northern_View
19:30:00Z,240,33,527,9,8,South_Gate_Northern_View
19:45:00Z,213,30,524,10,9,South_Gate_Northern_View
20:00:00Z,227,35,557,8,10,South_Gate_Northern_View
20:15:00Z,238,37,554,10,8,South_Gate_Northern_View
20:30:00Z,235,40,571,10,8,South_Gate_Northern_View
20:45:00Z,293,42,559,8,8,South_Gate_Northern_View
21:00:00Z,263,42,605,11,9,South_Gate_Northern_View
21:15:00Z,232,39,620,9,9,South_Gate_Northern_View
21:30:00Z,256,40,666,10,9,South_Gate_Northern_View
21:45:00Z,302,51,636,11,7,South_Gate_Northern_View
22:00:00Z,257,37,628,9,6,South_Gate_Northern_View
22:15:00Z,194,22,456,9,4,South_Gate_Northern_View
22:30:00Z,88,5,308,7,1,South_Gate_Northern_View
22:45:00Z,67,3,288,7,2,South_Gate_Northern_View
23:00:00Z,61,3,275,9,2,South_Gate_Northern_View
23:15:00Z,57,1,272,8,2,South_Gate_Northern_View
23:30:00Z,57,2,254,7,2,South_Gate_Northern_View
23:45:00Z,51,3,220,9,2,South_Gate_Northern_View
00:00:00Z,60,0,214,4,2,South_Gate_South_View
00:15:00Z,68,1,201,4,2,South_Gate_South_View
00:30:00Z,59,0,188,5,2,South_Gate_South_View
00:45:00Z,49,0,199,5,2,South_Gate_South_View
01:00:00Z,51,0,185,4,2,South_Gate_South_View
01:15:00Z,47,0,156,4,1,South_Gate_South_View
01:30:00Z,43,1,150,5,2,South_Gate_South_View
01:45:00Z,36,0,134,4,2,South_Gate_South_View
02:00:00Z,31,1,161,5,2,South_Gate_South_View
02:15:00Z,40,1,132,4,2,South_Gate_South_View
02:30:00Z,33,0,127,5,2,South_Gate_South_View
02:45:00Z,31,0,125,4,2,South_Gate_South_View
03:00:00Z,39,0,116,5,1,South_Gate_South_View
03:15:00Z,26,0,114,5,2,South_Gate_South_View
03:30:00Z,24,0,97,5,2,South_Gate_South_View
03:45:00Z,25,0,94,4,1,South_Gate_South_View
04:00:00Z,23,0,90,4,1,South_Gate_South_View
04:15:00Z,21,0,73,5,1,South_Gate_South_View
04:30:00Z,21,0,66,4,1,South_Gate_South_View
04:45:00Z,26,0,70,5,2,South_Gate_South_View
05:00:00Z,27,0,81,4,2,South_Gate_South_View
05:15:00Z,17,0,61,3,1,South_Gate_South_View
05:30:00Z,21,0,51,4,2,South_Gate_South_View
05:45:00Z,19,0,52,4,1,South_Gate_South_View
06:00:00Z,18,0,48,4,2,South_Gate_South_View
06:15:00Z,15,0,40,3,2,South_Gate_South_View
06:30:00Z,8,0,37,2,1,South_Gate_South_View
06:45:00Z,8,0,32,5,3,South_Gate_South_View
07:00:00Z,10,0,33,1,1,South_Gate_South_View
07:15:00Z,5,0,29,1,0,South_Gate_South_View
07:30:00Z,5,0,21,1,1,South_Gate_South_View
07:45:00Z,3,0,21,2,1,South_Gate_South_View
08:00:00Z,2,0,17,0,0,South_Gate_South_View
08:15:00Z,2,0,17,1,1,South_Gate_South_View
08:30:00Z,2,0,18,0,0,South_Gate_South_View
08:45:00Z,1,0,14,0,0,South_Gate_South_View
09:00:00Z,0,0,13,0,0,South_Gate_South_View
09:15:00Z,1,0,15,0,0,South_Gate_South_View
09:30:00Z,2,0,19,0,0,South_Gate_South_View
09:45:00Z,1,0,22,0,0,South_Gate_South_View
10:00:00Z,2,0,27,0,0,South_Gate_South_View
10:15:00Z,3,0,30,0,1,South_Gate_South_View
10:30:00Z,5,0,42,1,1,South_Gate_South_View
10:45:00Z,3,0,50,1,1,South_Gate_South_View
11:00:00Z,4,0,105,2,1,South_Gate_South_View
11:15:00Z,11,1,252,4,5,South_Gate_South_View
11:30:00Z,29,1,310,7,11,South_Gate_South_View
11:45:00Z,35,4,386,5,11,South_Gate_South_View
12:00:00Z,22,1,320,5,7,South_Gate_South_View
12:15:00Z,26,1,338,5,9,South_Gate_South_View
12:30:00Z,54,5,348,6,11,South_Gate_South_View
12:45:00Z,75,7,356,6,11,South_Gate_South_View
13:00:00Z,96,7,385,7,10,South_Gate_South_View
13:15:00Z,106,8,410,9,11,South_Gate_South_View
13:30:00Z,91,5,441,7,10,South_Gate_South_View
13:45:00Z,133,7,456,9,13,South_Gate_South_View
14:00:00Z,128,8,499,9,17,South_Gate_South_View
14:15:00Z,156,7,482,11,16,South_Gate_South_View
14:30:00Z,178,8,503,7,13,South_Gate_South_View
14:45:00Z,228,20,545,10,14,South_Gate_South_View
15:00:00Z,170,7,566,10,16,South_Gate_South_View
15:15:00Z,138,7,540,10,14,South_Gate_South_View
15:30:00Z,217,10,602,10,16,South_Gate_South_View
15:45:00Z,335,25,690,6,13,South_Gate_South_View
16:00:00Z,269,13,742,9,16,South_Gate_South_View
16:15:00Z,279,18,723,8,14,South_Gate_South_View
16:30:00Z,246,9,776,9,13,South_Gate_South_View
16:45:00Z,301,17,802,7,14,South_Gate_South_View
17:00:00Z,327,15,822,8,10,South_Gate_South_View
17:15:00Z,320,18,843,7,13,South_Gate_South_View
17:30:00Z,324,14,856,8,14,South_Gate_South_View
17:45:00Z,383,25,808,10,13,South_Gate_South_View
18:00:00Z,321,19,812,9,11,South_Gate_South_View
18:15:00Z,240,14,741,9,11,South_Gate_South_View
18:30:00Z,296,14,721,9,13,South_Gate_South_View
18:45:00Z,380,23,695,11,11,South_Gate_South_View
19:00:00Z,331,18,723,8,12,South_Gate_South_View
19:15:00Z,373,23,726,10,10,South_Gate_South_View
19:30:00Z,302,17,709,10,8,South_Gate_South_View
19:45:00Z,261,16,679,12,9,South_Gate_South_View
20:00:00Z,313,26,731,9,10,South_Gate_South_View
20:15:00Z,311,26,762,11,11,South_Gate_South_View
20:30:00Z,314,27,806,12,8,South_Gate_South_View
20:45:00Z,363,34,806,11,9,South_Gate_South_View
21:00:00Z,321,34,898,11,9,South_Gate_South_View
21:15:00Z,290,32,918,11,8,South_Gate_South_View
21:30:00Z,331,30,997,12,9,South_Gate_South_View
21:45:00Z,362,31,980,13,9,South_Gate_South_View
22:00:00Z,319,29,908,11,5,South_Gate_South_View
22:15:00Z,229,14,576,8,5,South_Gate_South_View
22:30:00Z,104,1,396,4,3,South_Gate_South_View
22:45:00Z,91,1,360,5,2,South_Gate_South_View
23:00:00Z,85,1,341,7,3,South_Gate_South_View
23:15:00Z,74,0,331,6,4,South_Gate_South_View
23:30:00Z,80,1,312,5,3,South_Gate_South_View
23:45:00Z,73,1,284,7,3,South_Gate_South_View
00:00:00Z,15,1,38,1,1,Stadium_Dr_East_Of_Regents_Dr
00:15:00Z,17,1,32,1,0,Stadium_Dr_East_Of_Regents_Dr
00:30:00Z,14,1,32,1,1,Stadium_Dr_East_Of_Regents_Dr
00:45:00Z,11,2,28,1,0,Stadium_Dr_East_Of_Regents_Dr
01:00:00Z,11,1,23,1,0,Stadium_Dr_East_Of_Regents_Dr
01:15:00Z,11,0,23,1,0,Stadium_Dr_East_Of_Regents_Dr
01:30:00Z,10,1,31,0,0,Stadium_Dr_East_Of_Regents_Dr
01:45:00Z,10,1,23,1,0,Stadium_Dr_East_Of_Regents_Dr
02:00:00Z,11,4,25,1,1,Stadium_Dr_East_Of_Regents_Dr
02:15:00Z,7,3,26,1,0,Stadium_Dr_East_Of_Regents_Dr
02:30:00Z,4,2,20,0,0,Stadium_Dr_East_Of_Regents_Dr
02:45:00Z,6,2,16,0,0,Stadium_Dr_East_Of_Regents_Dr
03:00:00Z,7,1,12,1,0,Stadium_Dr_East_Of_Regents_Dr
03:15:00Z,4,0,10,0,0,Stadium_Dr_East_Of_Regents_Dr
03:30:00Z,3,0,10,0,0,Stadium_Dr_East_Of_Regents_Dr
03:45:00Z,4,0,10,1,0,Stadium_Dr_East_Of_Regents_Dr
04:00:00Z,3,0,13,0,0,Stadium_Dr_East_Of_Regents_Dr
04:15:00Z,4,0,11,0,0,Stadium_Dr_East_Of_Regents_Dr
04:30:00Z,2,0,13,0,0,Stadium_Dr_East_Of_Regents_Dr
04:45:00Z,2,0,8,0,0,Stadium_Dr_East_Of_Regents_Dr
05:00:00Z,3,0,8,0,0,Stadium_Dr_East_Of_Regents_Dr
05:15:00Z,2,0,6,0,0,Stadium_Dr_East_Of_Regents_Dr
05:30:00Z,1,0,7,0,0,Stadium_Dr_East_Of_Regents_Dr
05:45:00Z,2,1,4,0,0,Stadium_Dr_East_Of_Regents_Dr
06:00:00Z,1,3,5,0,0,Stadium_Dr_East_Of_Regents_Dr
06:15:00Z,1,2,4,0,0,Stadium_Dr_East_Of_Regents_Dr
06:30:00Z,1,0,4,0,0,Stadium_Dr_East_Of_Regents_Dr
06:45:00Z,1,0,3,0,0,Stadium_Dr_East_Of_Regents_Dr
07:00:00Z,1,0,5,0,0,Stadium_Dr_East_Of_Regents_Dr
07:15:00Z,1,0,2,0,0,Stadium_Dr_East_Of_Regents_Dr
07:30:00Z,1,0,3,0,0,Stadium_Dr_East_Of_Regents_Dr
07:45:00Z,2,1,5,0,0,Stadium_Dr_East_Of_Regents_Dr
08:00:00Z,1,1,4,0,0,Stadium_Dr_East_Of_Regents_Dr
08:15:00Z,1,4,2,0,0,Stadium_Dr_East_Of_Regents_Dr
08:30:00Z,1,3,3,0,0,Stadium_Dr_East_Of_Regents_Dr
08:45:00Z,3,0,5,0,0,Stadium_Dr_East_Of_Regents_Dr
09:00:00Z,1,0,2,0,0,Stadium_Dr_East_Of_Regents_Dr
09:15:00Z,0,0,4,0,0,Stadium_Dr_East_Of_Regents_Dr
09:30:00Z,0,0,5,0,1,Stadium_Dr_East_Of_Regents_Dr
09:45:00Z,1,0,9,0,1,Stadium_Dr_East_Of_Regents_Dr
10:00:00Z,0,0,7,0,1,Stadium_Dr_East_Of_Regents_Dr
10:15:00Z,0,0,9,0,1,Stadium_Dr_East_Of_Regents_Dr
10:30:00Z,0,0,9,0,1,Stadium_Dr_East_Of_Regents_Dr
10:45:00Z,1,0,18,3,3,Stadium_Dr_East_Of_Regents_Dr
11:00:00Z,2,0,30,11,7,Stadium_Dr_East_Of_Regents_Dr
11:15:00Z,5,0,28,5,5,Stadium_Dr_East_Of_Regents_Dr
11:30:00Z,20,2,37,3,5,Stadium_Dr_East_Of_Regents_Dr
11:45:00Z,48,9,50,3,6,Stadium_Dr_East_Of_Regents_Dr
12:00:00Z,22,2,45,3,4,Stadium_Dr_East_Of_Regents_Dr
12:15:00Z,19,1,45,3,6,Stadium_Dr_East_Of_Regents_Dr
12:30:00Z,53,5,60,5,8,Stadium_Dr_East_Of_Regents_Dr
12:45:00Z,148,20,75,3,8,Stadium_Dr_East_Of_Regents_Dr
13:00:00Z,80,9,78,5,6,Stadium_Dr_East_Of_Regents_Dr
13:15:00Z,105,15,69,4,6,Stadium_Dr_East_Of_Regents_Dr
13:30:00Z,110,13,78,5,6,Stadium_Dr_East_Of_Regents_Dr
13:45:00Z,255,43,80,3,7,Stadium_Dr_East_Of_Regents_Dr
14:00:00Z,114,14,87,5,8,Stadium_Dr_East_Of_Regents_Dr
14:15:00Z,135,21,66,4,7,Stadium_Dr_East_Of_Regents_Dr
14:30:00Z,147,16,73,5,7,Stadium_Dr_East_Of_Regents_Dr
14:45:00Z,378,63,78,5,6,Stadium_Dr_East_Of_Regents_Dr
15:00:00Z,154,16,83,4,8,Stadium_Dr_East_Of_Regents_Dr
15:15:00Z,118,12,53,5,6,Stadium_Dr_East_Of_Regents_Dr
15:30:00Z,162,17,49,4,6,Stadium_Dr_East_Of_Regents_Dr
15:45:00Z,451,68,69,4,6,Stadium_Dr_East_Of_Regents_Dr
16:00:00Z,185,22,75,4,6,Stadium_Dr_East_Of_Regents_Dr
16:15:00Z,158,20,65,4,6,Stadium_Dr_East_Of_Regents_Dr
16:30:00Z,95,11,69,4,5,Stadium_Dr_East_Of_Regents_Dr
16:45:00Z,263,49,60,3,4,Stadium_Dr_East_Of_Regents_Dr
17:00:00Z,118,19,68,5,4,Stadium_Dr_East_Of_Regents_Dr
17:15:00Z,151,23,71,3,5,Stadium_Dr_East_Of_Regents_Dr
17:30:00Z,118,18,76,4,5,Stadium_Dr_East_Of_Regents_Dr
17:45:00Z,293,64,76,3,6,Stadium_Dr_East_Of_Regents_Dr
18:00:00Z,113,21,84,4,6,Stadium_Dr_East_Of_Regents_Dr
18:15:00Z,90,21,64,3,4,Stadium_Dr_East_Of_Regents_Dr
18:30:00Z,125,30,61,3,4,Stadium_Dr_East_Of_Regents_Dr
18:45:00Z,321,105,66,4,4,Stadium_Dr_East_Of_Regents_Dr
19:00:00Z,144,38,72,3,4,Stadium_Dr_East_Of_Regents_Dr
19:15:00Z,204,36,71,3,5,Stadium_Dr_East_Of_Regents_Dr
19:30:00Z,120,24,72,3,4,Stadium_Dr_East_Of_Regents_Dr
19:45:00Z,216,43,78,6,10,Stadium_Dr_East_Of_Regents_Dr
20:00:00Z,156,22,103,4,7,Stadium_Dr_East_Of_Regents_Dr
20:15:00Z,174,32,82,4,4,Stadium_Dr_East_Of_Regents_Dr
20:30:00Z,135,20,86,3,4,Stadium_Dr_East_Of_Regents_Dr
20:45:00Z,257,42,91,4,3,Stadium_Dr_East_Of_Regents_Dr
21:00:00Z,144,26,97,4,5,Stadium_Dr_East_Of_Regents_Dr
21:15:00Z,114,15,91,4,3,Stadium_Dr_East_Of_Regents_Dr
21:30:00Z,123,14,85,4,3,Stadium_Dr_East_Of_Regents_Dr
21:45:00Z,191,25,94,3,3,Stadium_Dr_East_Of_Regents_Dr
22:00:00Z,110,19,84,5,3,Stadium_Dr_East_Of_Regents_Dr
22:15:00Z,74,10,80,8,2,Stadium_Dr_East_Of_Regents_Dr
22:30:00Z,27,5,66,5,3,Stadium_Dr_East_Of_Regents_Dr
22:45:00Z,29,4,48,2,1,Stadium_Dr_East_Of_Regents_Dr
23:00:00Z,19,3,53,2,1,Stadium_Dr_East_Of_Regents_Dr
23:15:00Z,24,4,49,2,1,Stadium_Dr_East_Of_Regents_Dr
23:30:00Z,18,4,41,1,1,Stadium_Dr_East_Of_Regents_Dr
23:45:00Z,20,4,44,1,1,Stadium_Dr_East_Of_Regents_Dr
00:00:00Z,0,0,28,0,1,University_Blvd_&_Paint_Branch_Dr
00:15:00Z,0,0,25,0,0,University_Blvd_&_Paint_Branch_Dr
00:30:00Z,0,0,22,0,1,University_Blvd_&_Paint_Branch_Dr
00:45:00Z,0,1,20,0,0,University_Blvd_&_Paint_Branch_Dr
01:00:00Z,0,0,21,0,0,University_Blvd_&_Paint_Branch_Dr
01:15:00Z,0,0,20,0,0,University_Blvd_&_Paint_Branch_Dr
01:30:00Z,0,0,18,0,0,University_Blvd_&_Paint_Branch_Dr
01:45:00Z,0,0,17,0,0,University_Blvd_&_Paint_Branch_Dr
02:00:00Z,0,1,20,0,0,University_Blvd_&_Paint_Branch_Dr
02:15:00Z,0,0,19,0,0,University_Blvd_&_Paint_Branch_Dr
02:30:00Z,0,0,12,0,0,University_Blvd_&_Paint_Branch_Dr
02:45:00Z,0,0,11,0,0,University_Blvd_&_Paint_Branch_Dr
03:00:00Z,0,0,8,0,0,University_Blvd_&_Paint_Branch_Dr
03:15:00Z,0,0,6,0,0,University_Blvd_&_Paint_Branch_Dr
03:30:00Z,0,0,4,0,0,University_Blvd_&_Paint_Branch_Dr
03:45:00Z,0,0,4,0,0,University_Blvd_&_Paint_Branch_Dr
04:00:00Z,0,1,3,0,0,University_Blvd_&_Paint_Branch_Dr
04:15:00Z,0,3,3,0,0,University_Blvd_&_Paint_Branch_Dr
04:30:00Z,0,3,2,0,0,University_Blvd_&_Paint_Branch_Dr
04:45:00Z,0,3,2,0,0,University_Blvd_&_Paint_Branch_Dr
05:00:00Z,0,3,3,0,0,University_Blvd_&_Paint_Branch_Dr
05:15:00Z,0,4,2,0,0,University_Blvd_&_Paint_Branch_Dr
05:30:00Z,0,4,2,0,0,University_Blvd_&_Paint_Branch_Dr
05:45:00Z,0,4,2,0,0,University_Blvd_&_Paint_Branch_Dr
06:00:00Z,0,3,1,0,0,University_Blvd_&_Paint_Branch_Dr
06:15:00Z,0,3,1,0,0,University_Blvd_&_Paint_Branch_Dr
06:30:00Z,0,2,1,0,0,University_Blvd_&_Paint_Branch_Dr
06:45:00Z,0,1,0,0,0,University_Blvd_&_Paint_Branch_Dr
07:00:00Z,0,1,0,0,0,University_Blvd_&_Paint_Branch_Dr
07:15:00Z,0,0,0,0,0,University_Blvd_&_Paint_Branch_Dr
07:30:00Z,0,1,1,0,0,University_Blvd_&_Paint_Branch_Dr
07:45:00Z,0,1,0,0,0,University_Blvd_&_Paint_Branch_Dr
08:00:00Z,0,1,1,0,0,University_Blvd_&_Paint_Branch_Dr
08:15:00Z,0,0,0,0,0,University_Blvd_&_Paint_Branch_Dr
08:30:00Z,0,1,0,0,0,University_Blvd_&_Paint_Branch_Dr
08:45:00Z,0,0,0,0,0,University_Blvd_&_Paint_Branch_Dr
09:00:00Z,0,2,1,0,0,University_Blvd_&_Paint_Branch_Dr
09:15:00Z,0,1,1,0,0,University_Blvd_&_Paint_Branch_Dr
09:30:00Z,0,2,1,0,0,University_Blvd_&_Paint_Branch_Dr
09:45:00Z,0,3,2,0,0,University_Blvd_&_Paint_Branch_Dr
10:00:00Z,0,3,1,0,0,University_Blvd_&_Paint_Branch_Dr
10:15:00Z,0,2,2,0,0,University_Blvd_&_Paint_Branch_Dr
10:30:00Z,0,2,2,0,0,University_Blvd_&_Paint_Branch_Dr
10:45:00Z,0,2,4,0,0,University_Blvd_&_Paint_Branch_Dr
11:00:00Z,0,1,8,0,0,University_Blvd_&_Paint_Branch_Dr
11:15:00Z,0,0,15,1,1,University_Blvd_&_Paint_Branch_Dr
11:30:00Z,0,0,29,1,2,University_Blvd_&_Paint_Branch_Dr
11:45:00Z,0,0,40,1,4,University_Blvd_&_Paint_Branch_Dr
12:00:00Z,0,0,40,2,4,University_Blvd_&_Paint_Branch_Dr
12:15:00Z,0,0,42,2,3,University_Blvd_&_Paint_Branch_Dr
12:30:00Z,0,0,54,2,4,University_Blvd_&_Paint_Branch_Dr
12:45:00Z,0,0,72,1,4,University_Blvd_&_Paint_Branch_Dr
13:00:00Z,0,0,86,1,5,University_Blvd_&_Paint_Branch_Dr
13:15:00Z,0,0,90,2,5,University_Blvd_&_Paint_Branch_Dr
13:30:00Z,0,0,96,2,5,University_Blvd_&_Paint_Branch_Dr
13:45:00Z,0,0,109,2,6,University_Blvd_&_Paint_Branch_Dr
14:00:00Z,0,0,120,3,7,University_Blvd_&_Paint_Branch_Dr
14:15:00Z,1,0,101,1,5,University_Blvd_&_Paint_Branch_Dr
14:30:00Z,2,0,122,2,6,University_Blvd_&_Paint_Branch_Dr
14:45:00Z,1,1,103,3,6,University_Blvd_&_Paint_Branch_Dr
15:00:00Z,1,0,98,2,7,University_Blvd_&_Paint_Branch_Dr
15:15:00Z,1,0,79,3,7,University_Blvd_&_Paint_Branch_Dr
15:30:00Z,2,0,93,3,7,University_Blvd_&_Paint_Branch_Dr
15:45:00Z,3,1,92,4,7,University_Blvd_&_Paint_Branch_Dr
16:00:00Z,2,1,119,3,8,University_Blvd_&_Paint_Branch_Dr
16:15:00Z,2,0,101,2,8,University_Blvd_&_Paint_Branch_Dr
16:30:00Z,2,0,99,2,10,University_Blvd_&_Paint_Branch_Dr
16:45:00Z,0,0,85,2,6,University_Blvd_&_Paint_Branch_Dr
17:00:00Z,1,0,112,2,7,University_Blvd_&_Paint_Branch_Dr
17:15:00Z,0,0,92,2,7,University_Blvd_&_Paint_Branch_Dr
17:30:00Z,0,0,115,2,12,University_Blvd_&_Paint_Branch_Dr
17:45:00Z,1,0,100,2,10,University_Blvd_&_Paint_Branch_Dr
18:00:00Z,1,0,143,3,15,University_Blvd_&_Paint_Branch_Dr
18:15:00Z,0,0,96,3,12,University_Blvd_&_Paint_Branch_Dr
18:30:00Z,1,0,111,2,13,University_Blvd_&_Paint_Branch_Dr
18:45:00Z,2,0,110,1,12,University_Blvd_&_Paint_Branch_Dr
19:00:00Z,1,0,153,1,19,University_Blvd_&_Paint_Branch_Dr
19:15:00Z,2,0,123,1,15,University_Blvd_&_Paint_Branch_Dr
19:30:00Z,3,1,137,2,20,University_Blvd_&_Paint_Branch_Dr
19:45:00Z,3,0,118,1,15,University_Blvd_&_Paint_Branch_Dr
20:00:00Z,2,0,154,2,21,University_Blvd_&_Paint_Branch_Dr
20:15:00Z,2,0,133,2,21,University_Blvd_&_Paint_Branch_Dr
20:30:00Z,2,1,155,2,23,University_Blvd_&_Paint_Branch_Dr
20:45:00Z,3,3,142,2,22,University_Blvd_&_Paint_Branch_Dr
21:00:00Z,2,0,152,2,23,University_Blvd_&_Paint_Branch_Dr
21:15:00Z,2,1,146,1,22,University_Blvd_&_Paint_Branch_Dr
21:30:00Z,2,0,160,2,28,University_Blvd_&_Paint_Branch_Dr
21:45:00Z,2,0,146,2,24,University_Blvd_&_Paint_Branch_Dr
22:00:00Z,2,0,148,2,20,University_Blvd_&_Paint_Branch_Dr
22:15:00Z,1,0,88,1,6,University_Blvd_&_Paint_Branch_Dr
22:30:00Z,0,2,60,0,2,University_Blvd_&_Paint_Branch_Dr
22:45:00Z,0,2,41,0,1,University_Blvd_&_Paint_Branch_Dr
23:00:00Z,0,1,45,0,1,University_Blvd_&_Paint_Branch_Dr
23:15:00Z,0,1,41,0,2,University_Blvd_&_Paint_Branch_Dr
23:30:00Z,0,1,38,0,1,University_Blvd_&_Paint_Branch_Dr
23:45:00Z,0,1,30,0,1,University_Blvd_&_Paint_Branch_Dr
